0,A Light in the Attic,http://books.toscrape.com/catalogue/a-light-in-the-attic_1000/index.html,51.77
1,Tipping the Velvet,http://books.toscrape.com/catalogue/tipping-the-velvet_999/index.html,53.74
2,Soumission,http://books.toscrape.com/catalogue/soumission_998/index.html,50.1
3,Sharp Objects,http://books.toscrape.com/catalogue/sharp-objects_997/index.html,47.82
4,Sapiens: A Brief History of Humankind,http://books.toscrape.com/catalogue/sapiens-a-brief-history-of-humankind_996/index.html,54.23
5,The Requiem Red,http://books.toscrape.com/catalogue/the-requiem-red_995/index.html,22.65
6,The Dirty Little Secrets of Getting Your Dream Job,http://books.toscrape.com/catalogue/the-dirty-little-secrets-of-getting-your-dream-job_994/index.html,33.34
7,"The Coming Woman: A Novel Based on the Life of the Infamous Feminist, Victoria Woodhull",http://books.toscrape.com/catalogue/the-coming-woman-a-novel-based-on-the-life-of-the-infamous-feminist-victoria-woodhull_993/index.html,17.93
8,The Boys in the Boat: Nine Americans and Their Epic Quest for Gold at the 1936 Berlin Olympics,http://books.toscrape.com/catalogue/the-boys-in-the-boat-nine-americans-and-their-epic-quest-for-gold-at-the-1936-berlin-olympics_992/index.html,22.6
9,The Black Maria,http://books.toscrape.com/catalogue/the-black-maria_991/index.html,52.15
10,"Starving Hearts (Triangular Trade Trilogy, #1)",http://books.toscrape.com/catalogue/starving-hearts-triangular-trade-trilogy-1_990/index.html,13.99
11,Shakespeare's Sonnets,http://books.toscrape.com/catalogue/shakespeares-sonnets_989/index.html,20.66
12,Set Me Free,http://books.toscrape.com/catalogue/set-me-free_988/index.html,17.46
13,Scott Pilgrim's Precious Little Life (Scott Pilgrim #1),http://books.toscrape.com/catalogue/scott-pilgrims-precious-little-life-scott-pilgrim-1_987/index.html,52.29
14,Rip it Up and Start Again,http://books.toscrape.com/catalogue/rip-it-up-and-start-again_986/index.html,35.02
15,"Our Band Could Be Your Life: Scenes from the American Indie Underground, 1981-1991",http://books.toscrape.com/catalogue/our-band-could-be-your-life-scenes-from-the-american-indie-underground-1981-1991_985/index.html,57.25
16,Olio,http://books.toscrape.com/catalogue/olio_984/index.html,23.88
17,Mesaerion: The Best Science Fiction Stories 1800-1849,http://books.toscrape.com/catalogue/mesaerion-the-best-science-fiction-stories-1800-1849_983/index.html,37.59
18,Libertarianism for Beginners,http://books.toscrape.com/catalogue/libertarianism-for-beginners_982/index.html,51.33
19,It's Only the Himalayas,http://books.toscrape.com/catalogue/its-only-the-himalayas_981/index.html,45.17
0,It's Only the Himalayas,http://books.toscrape.com/catalogue/its-only-the-himalayas_981/index.html,45.17
1,Full Moon over Noah’s Ark: An Odyssey to Mount Ararat and Beyond,http://books.toscrape.com/catalogue/full-moon-over-noahs-ark-an-odyssey-to-mount-ararat-and-beyond_811/index.html,49.43
2,See America: A Celebration of Our National Parks & Treasured Sites,http://books.toscrape.com/catalogue/see-america-a-celebration-of-our-national-parks-treasured-sites_732/index.html,48.87
3,Vagabonding: An Uncommon Guide to the Art of Long-Term World Travel,http://books.toscrape.com/catalogue/vagabonding-an-uncommon-guide-to-the-art-of-long-term-world-travel_552/index.html,36.94
4,Under the Tuscan Sun,http://books.toscrape.com/catalogue/under-the-tuscan-sun_504/index.html,37.33
5,A Summer In Europe,http://books.toscrape.com/catalogue/a-summer-in-europe_458/index.html,44.34
6,The Great Railway Bazaar,http://books.toscrape.com/catalogue/the-great-railway-bazaar_446/index.html,30.54
7,A Year in Provence (Provence #1),http://books.toscrape.com/catalogue/a-year-in-provence-provence-1_421/index.html,56.88
8,The Road to Little Dribbling: Adventures of an American in Britain (Notes From a Small Island #2),http://books.toscrape.com/catalogue/the-road-to-little-dribbling-adventures-of-an-american-in-britain-notes-from-a-small-island-2_277/index.html,23.21
9,Neither Here nor There: Travels in Europe,http://books.toscrape.com/catalogue/neither-here-nor-there-travels-in-europe_198/index.html,38.95
10,"1,000 Places to See Before You Die",http://books.toscrape.com/catalogue/1000-places-to-see-before-you-die_1/index.html,26.08
0,All the Light We Cannot See,http://books.toscrape.com/catalogue/all-the-light-we-cannot-see_660/index.html,29.87
1,The Girl You Left Behind (The Girl You Left Behind #1),http://books.toscrape.com/catalogue/the-girl-you-left-behind-the-girl-you-left-behind-1_443/index.html,15.79
0,"The Bulletproof Diet: Lose up to a Pound a Day, Reclaim Energy and Focus, Upgrade Your Life",http://books.toscrape.com/catalogue/the-bulletproof-diet-lose-up-to-a-pound-a-day-reclaim-energy-and-focus-upgrade-your-life_931/index.html,49.05
1,"Eat Fat, Get Thin",http://books.toscrape.com/catalogue/eat-fat-get-thin_688/index.html,54.07
2,10-Day Green Smoothie Cleanse: Lose Up to 15 Pounds in 10 Days!,http://books.toscrape.com/catalogue/10-day-green-smoothie-cleanse-lose-up-to-15-pounds-in-10-days_581/index.html,49.71
3,The Art and Science of Low Carbohydrate Living,http://books.toscrape.com/catalogue/the-art-and-science-of-low-carbohydrate-living_570/index.html,52.98
0,Libertarianism for Beginners,http://books.toscrape.com/catalogue/libertarianism-for-beginners_982/index.html,51.33
1,Why the Right Went Wrong: Conservatism--From Goldwater to the Tea Party and Beyond,http://books.toscrape.com/catalogue/why-the-right-went-wrong-conservatism-from-goldwater-to-the-tea-party-and-beyond_781/index.html,52.65
2,Equal Is Unfair: America's Misguided Fight Against Income Inequality,http://books.toscrape.com/catalogue/equal-is-unfair-americas-misguided-fight-against-income-inequality_617/index.html,56.86
0,The Grownup,http://books.toscrape.com/catalogue/the-grownup_546/index.html,35.88
0,(Un)Qualified: How God Uses Broken People to Do Big Things,http://books.toscrape.com/catalogue/unqualified-how-god-uses-broken-people-to-do-big-things_873/index.html,54.0
1,Crazy Love: Overwhelmed by a Relentless God,http://books.toscrape.com/catalogue/crazy-love-overwhelmed-by-a-relentless-god_682/index.html,47.72
2,Blue Like Jazz: Nonreligious Thoughts on Christian Spirituality,http://books.toscrape.com/catalogue/blue-like-jazz-nonreligious-thoughts-on-christian-spirituality_461/index.html,25.77
0,Online Marketing for Busy Authors: A Step-By-Step Guide,http://books.toscrape.com/catalogue/online-marketing-for-busy-authors-a-step-by-step-guide_913/index.html,46.35
1,How to Be Miserable: 40 Strategies You Already Use,http://books.toscrape.com/catalogue/how-to-be-miserable-40-strategies-you-already-use_897/index.html,46.03
2,"Overload: How to Unplug, Unwind, and Unleash Yourself from the Pressure of Stress",http://books.toscrape.com/catalogue/overload-how-to-unplug-unwind-and-unleash-yourself-from-the-pressure-of-stress_725/index.html,52.15
3,You Are a Badass: How to Stop Doubting Your Greatness and Start Living an Awesome Life,http://books.toscrape.com/catalogue/you-are-a-badass-how-to-stop-doubting-your-greatness-and-start-living-an-awesome-life_508/index.html,12.08
4,How to Stop Worrying and Start Living,http://books.toscrape.com/catalogue/how-to-stop-worrying-and-start-living_431/index.html,46.49
0,Suzie Snowflake: One beautiful flake (a self-esteem story),http://books.toscrape.com/catalogue/suzie-snowflake-one-beautiful-flake-a-self-esteem-story_568/index.html,54.81
0,Silence in the Dark (Logan Point #4),http://books.toscrape.com/catalogue/silence-in-the-dark-logan-point-4_542/index.html,58.33
0,Logan Kade (Fallen Crest High #5.5),http://books.toscrape.com/catalogue/logan-kade-fallen-crest-high-55_384/index.html,13.12
0,The Four Agreements: A Practical Guide to Personal Freedom,http://books.toscrape.com/catalogue/the-four-agreements-a-practical-guide-to-personal-freedom_970/index.html,17.66
1,The Activist's Tao Te Ching: Ancient Advice for a Modern Revolution,http://books.toscrape.com/catalogue/the-activists-tao-te-ching-ancient-advice-for-a-modern-revolution_928/index.html,32.24
2,Chasing Heaven: What Dying Taught Me About Living,http://books.toscrape.com/catalogue/chasing-heaven-what-dying-taught-me-about-living_797/index.html,37.8
3,If I Gave You God's Phone Number....: Searching for Spirituality in America,http://books.toscrape.com/catalogue/if-i-gave-you-gods-phone-number-searching-for-spirituality-in-america_564/index.html,20.91
4,Unreasonable Hope: Finding Faith in the God Who Brings Purpose to Your Pain,http://books.toscrape.com/catalogue/unreasonable-hope-finding-faith-in-the-god-who-brings-purpose-to-your-pain_505/index.html,46.33
5,A New Earth: Awakening to Your Life's Purpose,http://books.toscrape.com/catalogue/a-new-earth-awakening-to-your-lifes-purpose_311/index.html,55.65
0,When We Collided,http://books.toscrape.com/catalogue/when-we-collided_955/index.html,31.77
1,Someone Like You (The Harrisons #2),http://books.toscrape.com/catalogue/someone-like-you-the-harrisons-2_735/index.html,52.79
2,We Are All Completely Beside Ourselves,http://books.toscrape.com/catalogue/we-are-all-completely-beside-ourselves_301/index.html,24.04
0,In Her Wake,http://books.toscrape.com/catalogue/in-her-wake_980/index.html,12.84
1,The Elephant Tree,http://books.toscrape.com/catalogue/the-elephant-tree_968/index.html,23.82
2,Behind Closed Doors,http://books.toscrape.com/catalogue/behind-closed-doors_962/index.html,52.22
3,You (You #1),http://books.toscrape.com/catalogue/you-you-1_784/index.html,43.61
4,The Guilty (Will Robie #4),http://books.toscrape.com/catalogue/the-guilty-will-robie-4_750/index.html,13.82
5,The 14th Colony (Cotton Malone #11),http://books.toscrape.com/catalogue/the-14th-colony-cotton-malone-11_744/index.html,39.24
6,Give It Back,http://books.toscrape.com/catalogue/give-it-back_430/index.html,18.32
7,Killing Floor (Jack Reacher #1),http://books.toscrape.com/catalogue/killing-floor-jack-reacher-1_382/index.html,31.49
8,The Bone Hunters (Lexy Vaughan & Steven Macaulay #2),http://books.toscrape.com/catalogue/the-bone-hunters-lexy-vaughan-steven-macaulay-2_343/index.html,59.71
9,Far From True (Promise Falls Trilogy #2),http://books.toscrape.com/catalogue/far-from-true-promise-falls-trilogy-2_320/index.html,34.93
10,The Travelers,http://books.toscrape.com/catalogue/the-travelers_285/index.html,15.77
0,The Long Shadow of Small Ghosts: Murder and Memory in an American City,http://books.toscrape.com/catalogue/the-long-shadow-of-small-ghosts-murder-and-memory-in-an-american-city_848/index.html,10.97
0,Louisa: The Extraordinary Life of Mrs. Adams,http://books.toscrape.com/catalogue/louisa-the-extraordinary-life-of-mrs-adams_818/index.html,16.85
1,"Setting the World on Fire: The Brief, Astonishing Life of St. Catherine of Siena",http://books.toscrape.com/catalogue/setting-the-world-on-fire-the-brief-astonishing-life-of-st-catherine-of-siena_603/index.html,21.15
2,The Faith of Christopher Hitchens: The Restless Soul of the World's Most Notorious Atheist,http://books.toscrape.com/catalogue/the-faith-of-christopher-hitchens-the-restless-soul-of-the-worlds-most-notorious-atheist_495/index.html,39.55
3,Benjamin Franklin: An American Life,http://books.toscrape.com/catalogue/benjamin-franklin-an-american-life_460/index.html,48.19
4,The Rise of Theodore Roosevelt (Theodore Roosevelt #1),http://books.toscrape.com/catalogue/the-rise-of-theodore-roosevelt-theodore-roosevelt-1_276/index.html,42.57
0,The Dirty Little Secrets of Getting Your Dream Job,http://books.toscrape.com/catalogue/the-dirty-little-secrets-of-getting-your-dream-job_994/index.html,33.34
1,The Third Wave: An Entrepreneur’s Vision of the Future,http://books.toscrape.com/catalogue/the-third-wave-an-entrepreneurs-vision-of-the-future_862/index.html,12.61
2,The 10% Entrepreneur: Live Your Startup Dream Without Quitting Your Day Job,http://books.toscrape.com/catalogue/the-10-entrepreneur-live-your-startup-dream-without-quitting-your-day-job_836/index.html,27.55
3,Shoe Dog: A Memoir by the Creator of NIKE,http://books.toscrape.com/catalogue/shoe-dog-a-memoir-by-the-creator-of-nike_831/index.html,23.99
4,Made to Stick: Why Some Ideas Survive and Others Die,http://books.toscrape.com/catalogue/made-to-stick-why-some-ideas-survive-and-others-die_715/index.html,38.85
5,Quench Your Own Thirst: Business Lessons Learned Over a Beer or Two,http://books.toscrape.com/catalogue/quench-your-own-thirst-business-lessons-learned-over-a-beer-or-two_629/index.html,43.14
6,The Art of Startup Fundraising,http://books.toscrape.com/catalogue/the-art-of-startup-fundraising_606/index.html,21.0
7,Born for This: How to Find the Work You Were Meant to Do,http://books.toscrape.com/catalogue/born-for-this-how-to-find-the-work-you-were-meant-to-do_588/index.html,21.59
8,The E-Myth Revisited: Why Most Small Businesses Don't Work and What to Do About It,http://books.toscrape.com/catalogue/the-e-myth-revisited-why-most-small-businesses-dont-work-and-what-to-do-about-it_545/index.html,36.91
9,"Rich Dad, Poor Dad",http://books.toscrape.com/catalogue/rich-dad-poor-dad_483/index.html,51.74
10,The Lean Startup: How Today's Entrepreneurs Use Continuous Innovation to Create Radically Successful Businesses,http://books.toscrape.com/catalogue/the-lean-startup-how-todays-entrepreneurs-use-continuous-innovation-to-create-radically-successful-businesses_260/index.html,33.92
11,Rework,http://books.toscrape.com/catalogue/rework_212/index.html,44.88
0,Redeeming Love,http://books.toscrape.com/catalogue/redeeming-love_826/index.html,20.47
1,Close to You,http://books.toscrape.com/catalogue/close-to-you_798/index.html,49.46
2,Shadows of the Past (Logan Point #1),http://books.toscrape.com/catalogue/shadows-of-the-past-logan-point-1_541/index.html,39.67
3,Like Never Before (Walker Family #2),http://books.toscrape.com/catalogue/like-never-before-walker-family-2_476/index.html,28.77
4,Counted With the Stars (Out from Egypt #1),http://books.toscrape.com/catalogue/counted-with-the-stars-out-from-egypt-1_463/index.html,17.97
5,If I Run (If I Run #1),http://books.toscrape.com/catalogue/if-i-run-if-i-run-1_174/index.html,49.97
0,Dark Notes,http://books.toscrape.com/catalogue/dark-notes_800/index.html,19.19
0,Amid the Chaos,http://books.toscrape.com/catalogue/amid-the-chaos_788/index.html,36.58
0,"Foolproof Preserving: A Guide to Small Batch Jams, Jellies, Pickles, Condiments, and More: A Foolproof Guide to Making Small Batch Jams, Jellies, Pickles, Condiments, and More",http://books.toscrape.com/catalogue/foolproof-preserving-a-guide-to-small-batch-jams-jellies-pickles-condiments-and-more-a-foolproof-guide-to-making-small-batch-jams-jellies-pickles-condiments-and-more_978/index.html,30.52
1,"The Pioneer Woman Cooks: Dinnertime: Comfort Classics, Freezer Food, 16-Minute Meals, and Other Delicious Ways to Solve Supper!",http://books.toscrape.com/catalogue/the-pioneer-woman-cooks-dinnertime-comfort-classics-freezer-food-16-minute-meals-and-other-delicious-ways-to-solve-supper_943/index.html,56.41
2,My Paris Kitchen: Recipes and Stories,http://books.toscrape.com/catalogue/my-paris-kitchen-recipes-and-stories_910/index.html,33.37
3,"Mama Tried: Traditional Italian Cooking for the Screwed, Crude, Vegan, and Tattooed",http://books.toscrape.com/catalogue/mama-tried-traditional-italian-cooking-for-the-screwed-crude-vegan-and-tattooed_908/index.html,14.02
4,"Layered: Baking, Building, and Styling Spectacular Cakes",http://books.toscrape.com/catalogue/layered-baking-building-and-styling-spectacular-cakes_904/index.html,40.11
5,The Nerdy Nummies Cookbook: Sweet Treats for the Geek in All of Us,http://books.toscrape.com/catalogue/the-nerdy-nummies-cookbook-sweet-treats-for-the-geek-in-all-of-us_853/index.html,37.34
6,The Love and Lemons Cookbook: An Apple-to-Zucchini Celebration of Impromptu Cooking,http://books.toscrape.com/catalogue/the-love-and-lemons-cookbook-an-apple-to-zucchini-celebration-of-impromptu-cooking_849/index.html,37.6
7,The Cookies & Cups Cookbook: 125+ sweet & savory recipes reminding you to Always Eat Dessert First,http://books.toscrape.com/catalogue/the-cookies-cups-cookbook-125-sweet-savory-recipes-reminding-you-to-always-eat-dessert-first_841/index.html,41.25
8,"Deliciously Ella Every Day: Quick and Easy Recipes for Gluten-Free Snacks, Packed Lunches, and Simple Meals",http://books.toscrape.com/catalogue/deliciously-ella-every-day-quick-and-easy-recipes-for-gluten-free-snacks-packed-lunches-and-simple-meals_801/index.html,42.16
9,The Help Yourself Cookbook for Kids: 60 Easy Plant-Based Recipes Kids Can Make to Stay Healthy and Save the Earth,http://books.toscrape.com/catalogue/the-help-yourself-cookbook-for-kids-60-easy-plant-based-recipes-kids-can-make-to-stay-healthy-and-save-the-earth_751/index.html,28.77
10,"It's All Easy: Healthy, Delicious Weeknight Meals in under 30 Minutes",http://books.toscrape.com/catalogue/its-all-easy-healthy-delicious-weeknight-meals-in-under-30-minutes_706/index.html,19.55
11,Barefoot Contessa Back to Basics,http://books.toscrape.com/catalogue/barefoot-contessa-back-to-basics_667/index.html,28.01
12,Barefoot Contessa at Home: Everyday Recipes You'll Make Over and Over Again,http://books.toscrape.com/catalogue/barefoot-contessa-at-home-everyday-recipes-youll-make-over-and-over-again_666/index.html,50.62
13,My Kitchen Year: 136 Recipes That Saved My Life,http://books.toscrape.com/catalogue/my-kitchen-year-136-recipes-that-saved-my-life_646/index.html,11.53
14,Everyday Italian: 125 Simple and Delicious Recipes,http://books.toscrape.com/catalogue/everyday-italian-125-simple-and-delicious-recipes_618/index.html,20.1
15,"A la Mode: 120 Recipes in 60 Pairings: Pies, Tarts, Cakes, Crisps, and More Topped with Ice Cream, Gelato, Frozen Custard, and More",http://books.toscrape.com/catalogue/a-la-mode-120-recipes-in-60-pairings-pies-tarts-cakes-crisps-and-more-topped-with-ice-cream-gelato-frozen-custard-and-more_611/index.html,38.77
16,Cravings: Recipes for What You Want to Eat,http://books.toscrape.com/catalogue/cravings-recipes-for-what-you-want-to-eat_589/index.html,20.5
17,"The Moosewood Cookbook: Recipes from Moosewood Restaurant, Ithaca, New York",http://books.toscrape.com/catalogue/the-moosewood-cookbook-recipes-from-moosewood-restaurant-ithaca-new-york_574/index.html,12.34
18,32 Yolks,http://books.toscrape.com/catalogue/32-yolks_510/index.html,53.63
19,"Naturally Lean: 125 Nourishing Gluten-Free, Plant-Based Recipes--All Under 300 Calories",http://books.toscrape.com/catalogue/naturally-lean-125-nourishing-gluten-free-plant-based-recipes-all-under-300-calories_479/index.html,11.38
0,Security,http://books.toscrape.com/catalogue/security_925/index.html,39.25
1,Follow You Home,http://books.toscrape.com/catalogue/follow-you-home_809/index.html,21.36
2,The Loney,http://books.toscrape.com/catalogue/the-loney_756/index.html,23.4
3,Pet Sematary,http://books.toscrape.com/catalogue/pet-sematary_726/index.html,10.56
4,Doctor Sleep (The Shining #2),http://books.toscrape.com/catalogue/doctor-sleep-the-shining-2_686/index.html,40.12
5,Psycho: Sanitarium (Psycho #1.5),http://books.toscrape.com/catalogue/psycho-sanitarium-psycho-15_628/index.html,36.97
6,Can You Keep a Secret? (Fear Street Relaunch #4),http://books.toscrape.com/catalogue/can-you-keep-a-secret-fear-street-relaunch-4_614/index.html,48.64
7,Red Dragon (Hannibal Lecter #1),http://books.toscrape.com/catalogue/red-dragon-hannibal-lecter-1_390/index.html,23.37
8,Dracula the Un-Dead,http://books.toscrape.com/catalogue/dracula-the-un-dead_370/index.html,35.63
9,Night Shift (Night Shift #1-20),http://books.toscrape.com/catalogue/night-shift-night-shift-1-20_335/index.html,12.75
10,Needful Things,http://books.toscrape.com/catalogue/needful-things_334/index.html,47.51
11,Misery,http://books.toscrape.com/catalogue/misery_332/index.html,34.79
12,It,http://books.toscrape.com/catalogue/it_330/index.html,25.01
13,'Salem's Lot,http://books.toscrape.com/catalogue/salems-lot_309/index.html,49.56
14,The Stand,http://books.toscrape.com/catalogue/the-stand_282/index.html,57.86
15,The Girl with All the Gifts,http://books.toscrape.com/catalogue/the-girl-with-all-the-gifts_250/index.html,49.47
16,House of Leaves,http://books.toscrape.com/catalogue/house-of-leaves_169/index.html,54.89
0,Sapiens: A Brief History of Humankind,http://books.toscrape.com/catalogue/sapiens-a-brief-history-of-humankind_996/index.html,54.23
1,"Unbound: How Eight Technologies Made Us Human, Transformed Society, and Brought Our World to the Brink",http://books.toscrape.com/catalogue/unbound-how-eight-technologies-made-us-human-transformed-society-and-brought-our-world-to-the-brink_950/index.html,25.52
2,The Age of Genius: The Seventeenth Century and the Birth of the Modern Mind,http://books.toscrape.com/catalogue/the-age-of-genius-the-seventeenth-century-and-the-birth-of-the-modern-mind_929/index.html,19.73
3,"Political Suicide: Missteps, Peccadilloes, Bad Calls, Backroom Hijinx, Sordid Pasts, Rotten Breaks, and Just Plain Dumb Mistakes in the Annals of American Politics",http://books.toscrape.com/catalogue/political-suicide-missteps-peccadilloes-bad-calls-backroom-hijinx-sordid-pasts-rotten-breaks-and-just-plain-dumb-mistakes-in-the-annals-of-american-politics_917/index.html,36.28
4,Thomas Jefferson and the Tripoli Pirates: The Forgotten War That Changed American History,http://books.toscrape.com/catalogue/thomas-jefferson-and-the-tripoli-pirates-the-forgotten-war-that-changed-american-history_867/index.html,59.64
5,Zealot: The Life and Times of Jesus of Nazareth,http://books.toscrape.com/catalogue/zealot-the-life-and-times-of-jesus-of-nazareth_785/index.html,24.7
6,A Distant Mirror: The Calamitous 14th Century,http://books.toscrape.com/catalogue/a-distant-mirror-the-calamitous-14th-century_652/index.html,14.58
7,1491: New Revelations of the Americas Before Columbus,http://books.toscrape.com/catalogue/1491-new-revelations-of-the-americas-before-columbus_650/index.html,21.8
8,Brilliant Beacons: A History of the American Lighthouse,http://books.toscrape.com/catalogue/brilliant-beacons-a-history-of-the-american-lighthouse_515/index.html,11.45
9,"""Most Blessed of the Patriarchs"": Thomas Jefferson and the Empire of the Imagination",http://books.toscrape.com/catalogue/most-blessed-of-the-patriarchs-thomas-jefferson-and-the-empire-of-the-imagination_509/index.html,44.48
10,A Short History of Nearly Everything,http://books.toscrape.com/catalogue/a-short-history-of-nearly-everything_457/index.html,52.4
11,The Rise and Fall of the Third Reich: A History of Nazi Germany,http://books.toscrape.com/catalogue/the-rise-and-fall-of-the-third-reich-a-history-of-nazi-germany_454/index.html,39.67
12,Catherine the Great: Portrait of a Woman,http://books.toscrape.com/catalogue/catherine-the-great-portrait-of-a-woman_424/index.html,58.55
13,The Mathews Men: Seven Brothers and the War Against Hitler's U-boats,http://books.toscrape.com/catalogue/the-mathews-men-seven-brothers-and-the-war-against-hitlers-u-boats_408/index.html,42.91
14,The Hiding Place,http://books.toscrape.com/catalogue/the-hiding-place_406/index.html,55.91
15,America's War for the Greater Middle East: A Military History,http://books.toscrape.com/catalogue/americas-war-for-the-greater-middle-east-a-military-history_361/index.html,51.22
16,The Guns of August,http://books.toscrape.com/catalogue/the-guns-of-august_254/index.html,14.54
17,"House of Lost Worlds: Dinosaurs, Dynasties, and the Story of Life on Earth",http://books.toscrape.com/catalogue/house-of-lost-worlds-dinosaurs-dynasties-and-the-story-of-life-on-earth_170/index.html,43.7
0,The Long Haul (Diary of a Wimpy Kid #9),http://books.toscrape.com/catalogue/the-long-haul-diary-of-a-wimpy-kid-9_757/index.html,44.07
1,Old School (Diary of a Wimpy Kid #10),http://books.toscrape.com/catalogue/old-school-diary-of-a-wimpy-kid-10_723/index.html,11.83
2,I Know What I'm Doing -- and Other Lies I Tell Myself: Dispatches from a Life Under Construction,http://books.toscrape.com/catalogue/i-know-what-im-doing-and-other-lies-i-tell-myself-dispatches-from-a-life-under-construction_704/index.html,25.98
3,"Hyperbole and a Half: Unfortunate Situations, Flawed Coping Mechanisms, Mayhem, and Other Things That Happened",http://books.toscrape.com/catalogue/hyperbole-and-a-half-unfortunate-situations-flawed-coping-mechanisms-mayhem-and-other-things-that-happened_702/index.html,14.75
4,Dress Your Family in Corduroy and Denim,http://books.toscrape.com/catalogue/dress-your-family-in-corduroy-and-denim_562/index.html,43.68
5,Toddlers Are A**holes: It's Not Your Fault,http://books.toscrape.com/catalogue/toddlers-are-aholes-its-not-your-fault_503/index.html,25.55
6,When You Are Engulfed in Flames,http://books.toscrape.com/catalogue/when-you-are-engulfed-in-flames_303/index.html,30.89
7,Naked,http://books.toscrape.com/catalogue/naked_197/index.html,31.69
8,"Lamb: The Gospel According to Biff, Christ's Childhood Pal",http://books.toscrape.com/catalogue/lamb-the-gospel-according-to-biff-christs-childhood-pal_182/index.html,55.5
9,Holidays on Ice,http://books.toscrape.com/catalogue/holidays-on-ice_167/index.html,51.07
0,Fifty Shades Freed (Fifty Shades #3),http://books.toscrape.com/catalogue/fifty-shades-freed-fifty-shades-3_156/index.html,15.36
0,Catastrophic Happiness: Finding Joy in Childhood's Messy Years,http://books.toscrape.com/catalogue/catastrophic-happiness-finding-joy-in-childhoods-messy-years_138/index.html,37.35
0,Wall and Piece,http://books.toscrape.com/catalogue/wall-and-piece_971/index.html,44.18
1,Feathers: Displays of Brilliant Plumage,http://books.toscrape.com/catalogue/feathers-displays-of-brilliant-plumage_695/index.html,49.05
2,Art and Fear: Observations on the Perils (and Rewards) of Artmaking,http://books.toscrape.com/catalogue/art-and-fear-observations-on-the-perils-and-rewards-of-artmaking_559/index.html,48.63
3,The New Drawing on the Right Side of the Brain,http://books.toscrape.com/catalogue/the-new-drawing-on-the-right-side-of-the-brain_550/index.html,43.02
4,History of Beauty,http://books.toscrape.com/catalogue/history-of-beauty_521/index.html,10.29
5,The Story of Art,http://books.toscrape.com/catalogue/the-story-of-art_500/index.html,41.14
6,The Art Book,http://books.toscrape.com/catalogue/the-art-book_490/index.html,32.34
7,Ways of Seeing,http://books.toscrape.com/catalogue/ways-of-seeing_94/index.html,39.51
0,The Argonauts,http://books.toscrape.com/catalogue/the-argonauts_837/index.html,10.93
1,M Train,http://books.toscrape.com/catalogue/m-train_598/index.html,27.18
2,Lab Girl,http://books.toscrape.com/catalogue/lab-girl_595/index.html,40.85
3,Approval Junkie: Adventures in Caring Too Much,http://books.toscrape.com/catalogue/approval-junkie-adventures-in-caring-too-much_363/index.html,58.81
4,Running with Scissors,http://books.toscrape.com/catalogue/running-with-scissors_215/index.html,12.91
5,Me Talk Pretty One Day,http://books.toscrape.com/catalogue/me-talk-pretty-one-day_193/index.html,57.6
6,Lust & Wonder,http://books.toscrape.com/catalogue/lust-wonder_191/index.html,11.87
7,Life Without a Recipe,http://books.toscrape.com/catalogue/life-without-a-recipe_188/index.html,59.04
8,A Heartbreaking Work of Staggering Genius,http://books.toscrape.com/catalogue/a-heartbreaking-work-of-staggering-genius_115/index.html,54.29
0,"Vampire Knight, Vol. 1 (Vampire Knight #1)",http://books.toscrape.com/catalogue/vampire-knight-vol-1-vampire-knight-1_93/index.html,15.4
0,The Lucifer Effect: Understanding How Good People Turn Evil,http://books.toscrape.com/catalogue/the-lucifer-effect-understanding-how-good-people-turn-evil_758/index.html,10.4
1,The Golden Condom: And Other Essays on Love Lost and Found,http://books.toscrape.com/catalogue/the-golden-condom-and-other-essays-on-love-lost-and-found_637/index.html,39.43
2,It Didn't Start with You: How Inherited Family Trauma Shapes Who We Are and How to End the Cycle,http://books.toscrape.com/catalogue/it-didnt-start-with-you-how-inherited-family-trauma-shapes-who-we-are-and-how-to-end-the-cycle_593/index.html,56.27
3,An Unquiet Mind: A Memoir of Moods and Madness,http://books.toscrape.com/catalogue/an-unquiet-mind-a-memoir-of-moods-and-madness_422/index.html,21.3
4,"Thinking, Fast and Slow",http://books.toscrape.com/catalogue/thinking-fast-and-slow_289/index.html,21.14
5,Civilization and Its Discontents,http://books.toscrape.com/catalogue/civilization-and-its-discontents_140/index.html,59.95
6,8 Keys to Mental Health Through Exercise,http://books.toscrape.com/catalogue/8-keys-to-mental-health-through-exercise_114/index.html,31.04
0,A Light in the Attic,http://books.toscrape.com/catalogue/a-light-in-the-attic_1000/index.html,51.77
1,The Black Maria,http://books.toscrape.com/catalogue/the-black-maria_991/index.html,52.15
2,Shakespeare's Sonnets,http://books.toscrape.com/catalogue/shakespeares-sonnets_989/index.html,20.66
3,Olio,http://books.toscrape.com/catalogue/olio_984/index.html,23.88
4,You can't bury them all: Poems,http://books.toscrape.com/catalogue/you-cant-bury-them-all-poems_961/index.html,33.63
5,Slow States of Collapse: Poems,http://books.toscrape.com/catalogue/slow-states-of-collapse-poems_960/index.html,57.31
6,Untitled Collection: Sabbath Poems 2014,http://books.toscrape.com/catalogue/untitled-collection-sabbath-poems-2014_953/index.html,14.27
7,Poems That Make Grown Women Cry,http://books.toscrape.com/catalogue/poems-that-make-grown-women-cry_824/index.html,14.19
8,Night Sky with Exit Wounds,http://books.toscrape.com/catalogue/night-sky-with-exit-wounds_822/index.html,41.05
9,salt.,http://books.toscrape.com/catalogue/salt_731/index.html,46.78
10,"Quarter Life Poetry: Poems for the Young, Broke and Hangry",http://books.toscrape.com/catalogue/quarter-life-poetry-poems-for-the-young-broke-and-hangry_727/index.html,50.89
11,Out of Print: City Lights Spotlight No. 14,http://books.toscrape.com/catalogue/out-of-print-city-lights-spotlight-no-14_536/index.html,53.64
12,Les Fleurs du Mal,http://books.toscrape.com/catalogue/les-fleurs-du-mal_530/index.html,29.04
13,Howl and Other Poems,http://books.toscrape.com/catalogue/howl-and-other-poems_522/index.html,40.45
14,Leave This Song Behind: Teen Poetry at Its Best,http://books.toscrape.com/catalogue/leave-this-song-behind-teen-poetry-at-its-best_474/index.html,51.17
15,The Collected Poems of W.B. Yeats (The Collected Works of W.B. Yeats #1),http://books.toscrape.com/catalogue/the-collected-poems-of-wb-yeats-the-collected-works-of-wb-yeats-1_441/index.html,15.42
16,The Crossover,http://books.toscrape.com/catalogue/the-crossover_398/index.html,38.77
17,Booked,http://books.toscrape.com/catalogue/booked_365/index.html,17.49
18,Twenty Love Poems and a Song of Despair,http://books.toscrape.com/catalogue/twenty-love-poems-and-a-song-of-despair_91/index.html,30.95
0,Without Borders (Wanderlove #1),http://books.toscrape.com/catalogue/without-borders-wanderlove-1_956/index.html,45.07
1,The Mistake (Off-Campus #2),http://books.toscrape.com/catalogue/the-mistake-off-campus-2_851/index.html,43.29
2,The Matchmaker's Playbook (Wingmen Inc. #1),http://books.toscrape.com/catalogue/the-matchmakers-playbook-wingmen-inc-1_850/index.html,55.85
3,The Hook Up (Game On #1),http://books.toscrape.com/catalogue/the-hook-up-game-on-1_68/index.html,36.29
4,Shameless,http://books.toscrape.com/catalogue/shameless_52/index.html,58.35
5,Off Sides (Off #1),http://books.toscrape.com/catalogue/off-sides-off-1_38/index.html,39.45
0,The Most Perfect Thing: Inside (and Outside) a Bird's Egg,http://books.toscrape.com/catalogue/the-most-perfect-thing-inside-and-outside-a-birds-egg_938/index.html,42.96
1,Immunity: How Elie Metchnikoff Changed the Course of Modern Medicine,http://books.toscrape.com/catalogue/immunity-how-elie-metchnikoff-changed-the-course-of-modern-medicine_900/index.html,57.36
2,Sorting the Beef from the Bull: The Science of Food Fraud Forensics,http://books.toscrape.com/catalogue/sorting-the-beef-from-the-bull-the-science-of-food-fraud-forensics_736/index.html,44.74
3,Tipping Point for Planet Earth: How Close Are We to the Edge?,http://books.toscrape.com/catalogue/tipping-point-for-planet-earth-how-close-are-we-to-the-edge_643/index.html,37.55
4,"The Fabric of the Cosmos: Space, Time, and the Texture of Reality",http://books.toscrape.com/catalogue/the-fabric-of-the-cosmos-space-time-and-the-texture-of-reality_572/index.html,55.91
5,Diary of a Citizen Scientist: Chasing Tiger Beetles and Other New Ways of Engaging the World,http://books.toscrape.com/catalogue/diary-of-a-citizen-scientist-chasing-tiger-beetles-and-other-new-ways-of-engaging-the-world_517/index.html,28.41
6,The Origin of Species,http://books.toscrape.com/catalogue/the-origin-of-species_499/index.html,10.01
7,The Grand Design,http://books.toscrape.com/catalogue/the-grand-design_405/index.html,13.76
8,Peak: Secrets from the New Science of Expertise,http://books.toscrape.com/catalogue/peak-secrets-from-the-new-science-of-expertise_389/index.html,16.28
9,"The Elegant Universe: Superstrings, Hidden Dimensions, and the Quest for the Ultimate Theory",http://books.toscrape.com/catalogue/the-elegant-universe-superstrings-hidden-dimensions-and-the-quest-for-the-ultimate-theory_245/index.html,13.03
10,"The Disappearing Spoon: And Other True Tales of Madness, Love, and the History of the World from the Periodic Table of the Elements",http://books.toscrape.com/catalogue/the-disappearing-spoon-and-other-true-tales-of-madness-love-and-the-history-of-the-world-from-the-periodic-table-of-the-elements_244/index.html,57.35
11,"Surely You're Joking, Mr. Feynman!: Adventures of a Curious Character",http://books.toscrape.com/catalogue/surely-youre-joking-mr-feynman-adventures-of-a-curious-character_227/index.html,25.83
12,Seven Brief Lessons on Physics,http://books.toscrape.com/catalogue/seven-brief-lessons-on-physics_219/index.html,30.6
13,The Selfish Gene,http://books.toscrape.com/catalogue/the-selfish-gene_81/index.html,29.45
0,The Requiem Red,http://books.toscrape.com/catalogue/the-requiem-red_995/index.html,22.65
1,Set Me Free,http://books.toscrape.com/catalogue/set-me-free_988/index.html,17.46
2,The Natural History of Us (The Fine Art of Pretending #2),http://books.toscrape.com/catalogue/the-natural-history-of-us-the-fine-art-of-pretending-2_941/index.html,45.22
3,Obsidian (Lux #1),http://books.toscrape.com/catalogue/obsidian-lux-1_911/index.html,14.86
4,Burning,http://books.toscrape.com/catalogue/burning_884/index.html,28.81
5,A Fierce and Subtle Poison,http://books.toscrape.com/catalogue/a-fierce-and-subtle-poison_875/index.html,28.13
6,Scarlett Epstein Hates It Here,http://books.toscrape.com/catalogue/scarlett-epstein-hates-it-here_828/index.html,43.55
7,"Nightingale, Sing",http://books.toscrape.com/catalogue/nightingale-sing_823/index.html,38.28
8,Library of Souls (Miss Peregrine’s Peculiar Children #3),http://books.toscrape.com/catalogue/library-of-souls-miss-peregrines-peculiar-children-3_816/index.html,48.56
9,Frostbite (Vampire Academy #2),http://books.toscrape.com/catalogue/frostbite-vampire-academy-2_810/index.html,29.99
10,Wild Swans,http://books.toscrape.com/catalogue/wild-swans_782/index.html,14.36
11,Until Friday Night (The Field Party #1),http://books.toscrape.com/catalogue/until-friday-night-the-field-party-1_775/index.html,46.31
12,This Is Where It Ends,http://books.toscrape.com/catalogue/this-is-where-it-ends_771/index.html,27.12
13,The Darkest Lie,http://books.toscrape.com/catalogue/the-darkest-lie_747/index.html,35.35
14,My Kind of Crazy,http://books.toscrape.com/catalogue/my-kind-of-crazy_718/index.html,40.36
15,Don't Get Caught,http://books.toscrape.com/catalogue/dont-get-caught_687/index.html,55.35
16,Catching Jordan (Hundred Oaks),http://books.toscrape.com/catalogue/catching-jordan-hundred-oaks_673/index.html,50.83
17,Aristotle and Dante Discover the Secrets of the Universe (Aristotle and Dante Discover the Secrets of the Universe #1),http://books.toscrape.com/catalogue/aristotle-and-dante-discover-the-secrets-of-the-universe-aristotle-and-dante-discover-the-secrets-of-the-universe-1_663/index.html,58.14
18,The Epidemic (The Program 0.6),http://books.toscrape.com/catalogue/the-epidemic-the-program-06_636/index.html,14.44
19,Stars Above (The Lunar Chronicles #4.5),http://books.toscrape.com/catalogue/stars-above-the-lunar-chronicles-45_632/index.html,48.05
0,The Torch Is Passed: A Harding Family Story,http://books.toscrape.com/catalogue/the-torch-is-passed-a-harding-family-story_945/index.html,19.09
1,"The Mindfulness and Acceptance Workbook for Anxiety: A Guide to Breaking Free from Anxiety, Phobias, and Worry Using Acceptance and Commitment Therapy",http://books.toscrape.com/catalogue/the-mindfulness-and-acceptance-workbook-for-anxiety-a-guide-to-breaking-free-from-anxiety-phobias-and-worry-using-acceptance-and-commitment-therapy_937/index.html,23.89
2,The Art Forger,http://books.toscrape.com/catalogue/the-art-forger_930/index.html,40.76
3,On a Midnight Clear,http://books.toscrape.com/catalogue/on-a-midnight-clear_912/index.html,14.07
4,Judo: Seven Steps to Black Belt (an Introductory Guide for Beginners),http://books.toscrape.com/catalogue/judo-seven-steps-to-black-belt-an-introductory-guide-for-beginners_903/index.html,53.9
5,"Shobu Samurai, Project Aryoku (#3)",http://books.toscrape.com/catalogue/shobu-samurai-project-aryoku-3_830/index.html,29.06
6,Modern Romance,http://books.toscrape.com/catalogue/modern-romance_820/index.html,28.26
7,The White Queen (The Cousins' War #1),http://books.toscrape.com/catalogue/the-white-queen-the-cousins-war-1_768/index.html,25.91
8,The Song of Achilles,http://books.toscrape.com/catalogue/the-song-of-achilles_762/index.html,37.4
9,The Immortal Life of Henrietta Lacks,http://books.toscrape.com/catalogue/the-immortal-life-of-henrietta-lacks_753/index.html,40.67
10,The Dovekeepers,http://books.toscrape.com/catalogue/the-dovekeepers_748/index.html,48.78
11,More Than Music (Chasing the Dream #1),http://books.toscrape.com/catalogue/more-than-music-chasing-the-dream-1_716/index.html,37.61
12,Code Name Verity (Code Name Verity #1),http://books.toscrape.com/catalogue/code-name-verity-code-name-verity-1_680/index.html,22.13
13,Cell,http://books.toscrape.com/catalogue/cell_674/index.html,20.29
14,Angels Walking (Angels Walking #1),http://books.toscrape.com/catalogue/angels-walking-angels-walking-1_662/index.html,34.2
15,"A Series of Catastrophes and Miracles: A True Story of Love, Science, and Cancer",http://books.toscrape.com/catalogue/a-series-of-catastrophes-and-miracles-a-true-story-of-love-science-and-cancer_655/index.html,56.48
16,A People's History of the United States,http://books.toscrape.com/catalogue/a-peoples-history-of-the-united-states_654/index.html,40.79
17,A Brush of Wings (Angels Walking #3),http://books.toscrape.com/catalogue/a-brush-of-wings-angels-walking-3_651/index.html,55.51
18,Rook,http://books.toscrape.com/catalogue/rook_647/index.html,37.86
19,The Midnight Watch: A Novel of the Titanic and the Californian,http://books.toscrape.com/catalogue/the-midnight-watch-a-novel-of-the-titanic-and-the-californian_640/index.html,26.2
0,The Book of Basketball: The NBA According to The Sports Guy,http://books.toscrape.com/catalogue/the-book-of-basketball-the-nba-according-to-the-sports-guy_232/index.html,44.84
1,"Friday Night Lights: A Town, a Team, and a Dream",http://books.toscrape.com/catalogue/friday-night-lights-a-town-a-team-and-a-dream_158/index.html,51.22
2,Sugar Rush (Offensive Line #2),http://books.toscrape.com/catalogue/sugar-rush-offensive-line-2_108/index.html,24.42
3,Settling the Score (The Summer Games #1),http://books.toscrape.com/catalogue/settling-the-score-the-summer-games-1_50/index.html,44.91
4,Icing (Aces Hockey #2),http://books.toscrape.com/catalogue/icing-aces-hockey-2_25/index.html,40.44
0,"The Coming Woman: A Novel Based on the Life of the Infamous Feminist, Victoria Woodhull",http://books.toscrape.com/catalogue/the-coming-woman-a-novel-based-on-the-life-of-the-infamous-feminist-victoria-woodhull_993/index.html,17.93
1,The Boys in the Boat: Nine Americans and Their Epic Quest for Gold at the 1936 Berlin Olympics,http://books.toscrape.com/catalogue/the-boys-in-the-boat-nine-americans-and-their-epic-quest-for-gold-at-the-1936-berlin-olympics_992/index.html,22.6
2,"Starving Hearts (Triangular Trade Trilogy, #1)",http://books.toscrape.com/catalogue/starving-hearts-triangular-trade-trilogy-1_990/index.html,13.99
3,America's Cradle of Quarterbacks: Western Pennsylvania's Football Factory from Johnny Unitas to Joe Montana,http://books.toscrape.com/catalogue/americas-cradle-of-quarterbacks-western-pennsylvanias-football-factory-from-johnny-unitas-to-joe-montana_974/index.html,22.5
4,Aladdin and His Wonderful Lamp,http://books.toscrape.com/catalogue/aladdin-and-his-wonderful-lamp_973/index.html,53.13
5,Penny Maybe,http://books.toscrape.com/catalogue/penny-maybe_965/index.html,33.29
6,Maude (1883-1993):She Grew Up with the country,http://books.toscrape.com/catalogue/maude-1883-1993she-grew-up-with-the-country_964/index.html,18.02
7,"The Inefficiency Assassin: Time Management Tactics for Working Smarter, Not Longer",http://books.toscrape.com/catalogue/the-inefficiency-assassin-time-management-tactics-for-working-smarter-not-longer_935/index.html,20.59
8,Soul Reader,http://books.toscrape.com/catalogue/soul-reader_926/index.html,39.58
9,Bossypants,http://books.toscrape.com/catalogue/bossypants_883/index.html,49.46
10,A World of Flavor: Your Gluten Free Passport,http://books.toscrape.com/catalogue/a-world-of-flavor-your-gluten-free-passport_879/index.html,42.95
11,"A Piece of Sky, a Grain of Rice: A Memoir in Four Meditations",http://books.toscrape.com/catalogue/a-piece-of-sky-a-grain-of-rice-a-memoir-in-four-meditations_878/index.html,56.76
12,Tracing Numbers on a Train,http://books.toscrape.com/catalogue/tracing-numbers-on-a-train_869/index.html,41.6
13,Thirteen Reasons Why,http://books.toscrape.com/catalogue/thirteen-reasons-why_866/index.html,52.72
14,The Secret (The Secret #1),http://books.toscrape.com/catalogue/the-secret-the-secret-1_859/index.html,27.37
15,The Psychopath Test: A Journey Through the Madness Industry,http://books.toscrape.com/catalogue/the-psychopath-test-a-journey-through-the-madness-industry_857/index.html,36.0
16,The Kite Runner,http://books.toscrape.com/catalogue/the-kite-runner_847/index.html,41.82
17,The Girl on the Train,http://books.toscrape.com/catalogue/the-girl-on-the-train_844/index.html,55.02
18,The Emerald Mystery,http://books.toscrape.com/catalogue/the-emerald-mystery_842/index.html,23.15
19,The Bridge to Consciousness: I'm Writing the Bridge Between Science and Our Old and New Beliefs.,http://books.toscrape.com/catalogue/the-bridge-to-consciousness-im-writing-the-bridge-between-science-and-our-old-and-new-beliefs_840/index.html,32.0
0,Unicorn Tracks,http://books.toscrape.com/catalogue/unicorn-tracks_951/index.html,18.78
1,"Saga, Volume 6 (Saga (Collected Editions) #6)",http://books.toscrape.com/catalogue/saga-volume-6-saga-collected-editions-6_924/index.html,25.02
2,Princess Between Worlds (Wide-Awake Princess #5),http://books.toscrape.com/catalogue/princess-between-worlds-wide-awake-princess-5_919/index.html,13.34
3,Masks and Shadows,http://books.toscrape.com/catalogue/masks-and-shadows_909/index.html,56.4
4,Crown of Midnight (Throne of Glass #2),http://books.toscrape.com/catalogue/crown-of-midnight-throne-of-glass-2_888/index.html,43.29
5,"Avatar: The Last Airbender: Smoke and Shadow, Part 3 (Smoke and Shadow #3)",http://books.toscrape.com/catalogue/avatar-the-last-airbender-smoke-and-shadow-part-3-smoke-and-shadow-3_881/index.html,28.09
6,A Court of Thorns and Roses (A Court of Thorns and Roses #1),http://books.toscrape.com/catalogue/a-court-of-thorns-and-roses-a-court-of-thorns-and-roses-1_874/index.html,52.37
7,Throne of Glass (Throne of Glass #1),http://books.toscrape.com/catalogue/throne-of-glass-throne-of-glass-1_868/index.html,35.07
8,The Glittering Court (The Glittering Court #1),http://books.toscrape.com/catalogue/the-glittering-court-the-glittering-court-1_845/index.html,44.28
9,Hollow City (Miss Peregrine’s Peculiar Children #2),http://books.toscrape.com/catalogue/hollow-city-miss-peregrines-peculiar-children-2_813/index.html,42.98
10,The Star-Touched Queen,http://books.toscrape.com/catalogue/the-star-touched-queen_764/index.html,46.02
11,The Hidden Oracle (The Trials of Apollo #1),http://books.toscrape.com/catalogue/the-hidden-oracle-the-trials-of-apollo-1_752/index.html,52.26
12,The Bane Chronicles (The Bane Chronicles #1-11),http://books.toscrape.com/catalogue/the-bane-chronicles-the-bane-chronicles-1-11_746/index.html,44.73
13,Island of Dragons (Unwanteds #7),http://books.toscrape.com/catalogue/island-of-dragons-unwanteds-7_705/index.html,29.65
14,Demigods & Magicians: Percy and Annabeth Meet the Kanes (Percy Jackson & Kane Chronicles Crossover #1-3),http://books.toscrape.com/catalogue/demigods-magicians-percy-and-annabeth-meet-the-kanes-percy-jackson-kane-chronicles-crossover-1-3_685/index.html,37.51
15,City of Glass (The Mortal Instruments #3),http://books.toscrape.com/catalogue/city-of-glass-the-mortal-instruments-3_678/index.html,56.02
16,Searching for Meaning in Gailana,http://books.toscrape.com/catalogue/searching-for-meaning-in-gailana_648/index.html,38.73
17,The Star-Touched Queen,http://books.toscrape.com/catalogue/the-star-touched-queen_642/index.html,32.3
18,A Shard of Ice (The Black Symphony Saga #1),http://books.toscrape.com/catalogue/a-shard-of-ice-the-black-symphony-saga-1_558/index.html,56.63
19,King's Folly (The Kinsman Chronicles #1),http://books.toscrape.com/catalogue/kings-folly-the-kinsman-chronicles-1_473/index.html,39.61
0,Rip it Up and Start Again,http://books.toscrape.com/catalogue/rip-it-up-and-start-again_986/index.html,35.02
1,"Our Band Could Be Your Life: Scenes from the American Indie Underground, 1981-1991",http://books.toscrape.com/catalogue/our-band-could-be-your-life-scenes-from-the-american-indie-underground-1981-1991_985/index.html,57.25
2,How Music Works,http://books.toscrape.com/catalogue/how-music-works_979/index.html,37.32
3,Love Is a Mix Tape (Music #1),http://books.toscrape.com/catalogue/love-is-a-mix-tape-music-1_711/index.html,18.03
4,Please Kill Me: The Uncensored Oral History of Punk,http://books.toscrape.com/catalogue/please-kill-me-the-uncensored-oral-history-of-punk_537/index.html,31.19
5,Kill 'Em and Leave: Searching for James Brown and the American Soul,http://books.toscrape.com/catalogue/kill-em-and-leave-searching-for-james-brown-and-the-american-soul_528/index.html,45.05
6,"Chronicles, Vol. 1",http://books.toscrape.com/catalogue/chronicles-vol-1_462/index.html,52.6
7,This Is Your Brain on Music: The Science of a Human Obsession,http://books.toscrape.com/catalogue/this-is-your-brain-on-music-the-science-of-a-human-obsession_414/index.html,38.4
8,"Orchestra of Exiles: The Story of Bronislaw Huberman, the Israel Philharmonic, and the One Thousand Jews He Saved from Nazi Horrors",http://books.toscrape.com/catalogue/orchestra-of-exiles-the-story-of-bronislaw-huberman-the-israel-philharmonic-and-the-one-thousand-jews-he-saved-from-nazi-horrors_337/index.html,12.36
9,No One Here Gets Out Alive,http://books.toscrape.com/catalogue/no-one-here-gets-out-alive_336/index.html,20.02
10,Life,http://books.toscrape.com/catalogue/life_104/index.html,31.58
11,Old Records Never Die: One Man's Quest for His Vinyl and His Past,http://books.toscrape.com/catalogue/old-records-never-die-one-mans-quest-for-his-vinyl-and-his-past_39/index.html,55.66
12,Forever Rockers (The Rocker #12),http://books.toscrape.com/catalogue/forever-rockers-the-rocker-12_19/index.html,28.8
0,Worlds Elsewhere: Journeys Around Shakespeare’s Globe,http://books.toscrape.com/catalogue/worlds-elsewhere-journeys-around-shakespeares-globe_972/index.html,40.3
1,The Five Love Languages: How to Express Heartfelt Commitment to Your Mate,http://books.toscrape.com/catalogue/the-five-love-languages-how-to-express-heartfelt-commitment-to-your-mate_969/index.html,31.05
2,Reasons to Stay Alive,http://books.toscrape.com/catalogue/reasons-to-stay-alive_959/index.html,26.41
3,#HigherSelfie: Wake Up Your Life. Free Your Soul. Find Your Tribe.,http://books.toscrape.com/catalogue/higherselfie-wake-up-your-life-free-your-soul-find-your-tribe_957/index.html,23.11
4,"Unseen City: The Majesty of Pigeons, the Discreet Charm of Snails & Other Wonders of the Urban Wilderness",http://books.toscrape.com/catalogue/unseen-city-the-majesty-of-pigeons-the-discreet-charm-of-snails-other-wonders-of-the-urban-wilderness_952/index.html,44.18
5,Throwing Rocks at the Google Bus: How Growth Became the Enemy of Prosperity,http://books.toscrape.com/catalogue/throwing-rocks-at-the-google-bus-how-growth-became-the-enemy-of-prosperity_948/index.html,31.12
6,The Life-Changing Magic of Tidying Up: The Japanese Art of Decluttering and Organizing,http://books.toscrape.com/catalogue/the-life-changing-magic-of-tidying-up-the-japanese-art-of-decluttering-and-organizing_936/index.html,16.77
7,The Gutsy Girl: Escapades for Your Life of Epic Adventure,http://books.toscrape.com/catalogue/the-gutsy-girl-escapades-for-your-life-of-epic-adventure_934/index.html,37.13
8,The Electric Pencil: Drawings from Inside State Hospital No. 3,http://books.toscrape.com/catalogue/the-electric-pencil-drawings-from-inside-state-hospital-no-3_933/index.html,56.06
9,Spark Joy: An Illustrated Master Class on the Art of Organizing and Tidying Up,http://books.toscrape.com/catalogue/spark-joy-an-illustrated-master-class-on-the-art-of-organizing-and-tidying-up_927/index.html,41.83
10,Reskilling America: Learning to Labor in the Twenty-First Century,http://books.toscrape.com/catalogue/reskilling-america-learning-to-labor-in-the-twenty-first-century_922/index.html,19.83
11,In the Country We Love: My Family Divided,http://books.toscrape.com/catalogue/in-the-country-we-love-my-family-divided_901/index.html,22.0
12,Everydata: The Misinformation Hidden in the Little Data You Consume Every Day,http://books.toscrape.com/catalogue/everydata-the-misinformation-hidden-in-the-little-data-you-consume-every-day_891/index.html,54.35
13,Call the Nurse: True Stories of a Country Nurse on a Scottish Isle,http://books.toscrape.com/catalogue/call-the-nurse-true-stories-of-a-country-nurse-on-a-scottish-isle_885/index.html,29.14
14,Algorithms to Live By: The Computer Science of Human Decisions,http://books.toscrape.com/catalogue/algorithms-to-live-by-the-computer-science-of-human-decisions_880/index.html,30.81
15,The Power of Now: A Guide to Spiritual Enlightenment,http://books.toscrape.com/catalogue/the-power-of-now-a-guide-to-spiritual-enlightenment_855/index.html,43.54
16,The Omnivore's Dilemma: A Natural History of Four Meals,http://books.toscrape.com/catalogue/the-omnivores-dilemma-a-natural-history-of-four-meals_854/index.html,38.21
17,The Genius of Birds,http://books.toscrape.com/catalogue/the-genius-of-birds_843/index.html,17.24
18,The Artist's Way: A Spiritual Path to Higher Creativity,http://books.toscrape.com/catalogue/the-artists-way-a-spiritual-path-to-higher-creativity_839/index.html,38.49
19,So You've Been Publicly Shamed,http://books.toscrape.com/catalogue/so-youve-been-publicly-shamed_832/index.html,12.23
0,Mesaerion: The Best Science Fiction Stories 1800-1849,http://books.toscrape.com/catalogue/mesaerion-the-best-science-fiction-stories-1800-1849_983/index.html,37.59
1,Join,http://books.toscrape.com/catalogue/join_902/index.html,35.67
2,"William Shakespeare's Star Wars: Verily, A New Hope (William Shakespeare's Star Wars #4)",http://books.toscrape.com/catalogue/william-shakespeares-star-wars-verily-a-new-hope-william-shakespeares-star-wars-4_871/index.html,43.3
3,The Project,http://books.toscrape.com/catalogue/the-project_856/index.html,10.65
4,Soft Apocalypse,http://books.toscrape.com/catalogue/soft-apocalypse_833/index.html,26.12
5,Sleeping Giants (Themis Files #1),http://books.toscrape.com/catalogue/sleeping-giants-themis-files-1_604/index.html,48.74
6,Arena,http://books.toscrape.com/catalogue/arena_587/index.html,21.36
7,Foundation (Foundation (Publication Order) #1),http://books.toscrape.com/catalogue/foundation-foundation-publication-order-1_375/index.html,32.42
8,The Restaurant at the End of the Universe (Hitchhiker's Guide to the Galaxy #2),http://books.toscrape.com/catalogue/the-restaurant-at-the-end-of-the-universe-hitchhikers-guide-to-the-galaxy-2_275/index.html,10.92
9,Ready Player One,http://books.toscrape.com/catalogue/ready-player-one_209/index.html,19.07
10,"Life, the Universe and Everything (Hitchhiker's Guide to the Galaxy #3)",http://books.toscrape.com/catalogue/life-the-universe-and-everything-hitchhikers-guide-to-the-galaxy-3_189/index.html,33.26
11,Dune (Dune #1),http://books.toscrape.com/catalogue/dune-dune-1_151/index.html,54.86
12,Do Androids Dream of Electric Sheep? (Blade Runner #1),http://books.toscrape.com/catalogue/do-androids-dream-of-electric-sheep-blade-runner-1_149/index.html,51.48
13,Three Wishes (River of Time: California #1),http://books.toscrape.com/catalogue/three-wishes-river-of-time-california-1_89/index.html,44.18
14,The Last Girl (The Dominion Trilogy #1),http://books.toscrape.com/catalogue/the-last-girl-the-dominion-trilogy-1_70/index.html,36.26
15,Having the Barbarian's Baby (Ice Planet Barbarians #7.5),http://books.toscrape.com/catalogue/having-the-barbarians-baby-ice-planet-barbarians-75_23/index.html,34.96
0,"Don't Be a Jerk: And Other Practical Advice from Dogen, Japan's Greatest Zen Master",http://books.toscrape.com/catalogue/dont-be-a-jerk-and-other-practical-advice-from-dogen-japans-greatest-zen-master_890/index.html,37.97
1,You Are What You Love: The Spiritual Power of Habit,http://books.toscrape.com/catalogue/you-are-what-you-love-the-spiritual-power-of-habit_872/index.html,21.87
2,God: The Most Unpleasant Character in All Fiction,http://books.toscrape.com/catalogue/god-the-most-unpleasant-character-in-all-fiction_697/index.html,30.03
3,The Book of Mormon,http://books.toscrape.com/catalogue/the-book-of-mormon_571/index.html,24.57
4,"A History of God: The 4,000-Year Quest of Judaism, Christianity, and Islam",http://books.toscrape.com/catalogue/a-history-of-god-the-4000-year-quest-of-judaism-christianity-and-islam_310/index.html,27.62
5,The Bhagavad Gita,http://books.toscrape.com/catalogue/the-bhagavad-gita_60/index.html,57.49
6,Choosing Our Religion: The Spiritual Lives of America's Nones,http://books.toscrape.com/catalogue/choosing-our-religion-the-spiritual-lives-of-americas-nones_14/index.html,28.42
0,I Had a Nice Time And Other Lies...: How to find love & sh*t like that,http://books.toscrape.com/catalogue/i-had-a-nice-time-and-other-lies-how-to-find-love-sht-like-that_814/index.html,57.36
1,Will You Won't You Want Me?,http://books.toscrape.com/catalogue/will-you-wont-you-want-me_644/index.html,13.86
2,Keep Me Posted,http://books.toscrape.com/catalogue/keep-me-posted_594/index.html,20.46
3,Grey (Fifty Shades #4),http://books.toscrape.com/catalogue/grey-fifty-shades-4_592/index.html,48.49
4,Meternity,http://books.toscrape.com/catalogue/meternity_478/index.html,43.58
5,Some Women,http://books.toscrape.com/catalogue/some-women_341/index.html,13.73
6,Shopaholic Ties the Knot (Shopaholic #3),http://books.toscrape.com/catalogue/shopaholic-ties-the-knot-shopaholic-3_340/index.html,48.39
7,Can You Keep a Secret?,http://books.toscrape.com/catalogue/can-you-keep-a-secret_315/index.html,21.94
8,Twenties Girl,http://books.toscrape.com/catalogue/twenties-girl_292/index.html,42.8
9,The Undomestic Goddess,http://books.toscrape.com/catalogue/the-undomestic-goddess_286/index.html,45.75
10,The Nanny Diaries (Nanny #1),http://books.toscrape.com/catalogue/the-nanny-diaries-nanny-1_265/index.html,52.53
11,The Devil Wears Prada (The Devil Wears Prada #1),http://books.toscrape.com/catalogue/the-devil-wears-prada-the-devil-wears-prada-1_243/index.html,44.29
12,Something Borrowed (Darcy & Rachel #1),http://books.toscrape.com/catalogue/something-borrowed-darcy-rachel-1_224/index.html,48.96
13,Something Blue (Darcy & Rachel #2),http://books.toscrape.com/catalogue/something-blue-darcy-rachel-2_223/index.html,54.62
14,I've Got Your Number,http://books.toscrape.com/catalogue/ive-got-your-number_173/index.html,19.69
15,The Edge of Reason (Bridget Jones #2),http://books.toscrape.com/catalogue/the-edge-of-reason-bridget-jones-2_63/index.html,19.18
16,Bridget Jones's Diary (Bridget Jones #1),http://books.toscrape.com/catalogue/bridget-joness-diary-bridget-jones-1_10/index.html,29.82
0,Birdsong: A Story in Pictures,http://books.toscrape.com/catalogue/birdsong-a-story-in-pictures_975/index.html,54.64
1,The Bear and the Piano,http://books.toscrape.com/catalogue/the-bear-and-the-piano_967/index.html,36.89
2,The Secret of Dreadwillow Carse,http://books.toscrape.com/catalogue/the-secret-of-dreadwillow-carse_944/index.html,56.13
3,The White Cat and the Monk: A Retelling of the Poem “Pangur Bán”,http://books.toscrape.com/catalogue/the-white-cat-and-the-monk-a-retelling-of-the-poem-pangur-ban_865/index.html,58.08
4,Little Red,http://books.toscrape.com/catalogue/little-red_817/index.html,13.47
5,Walt Disney's Alice in Wonderland,http://books.toscrape.com/catalogue/walt-disneys-alice-in-wonderland_777/index.html,12.96
6,Twenty Yawns,http://books.toscrape.com/catalogue/twenty-yawns_773/index.html,22.08
7,Rain Fish,http://books.toscrape.com/catalogue/rain-fish_728/index.html,23.57
8,Once Was a Time,http://books.toscrape.com/catalogue/once-was-a-time_724/index.html,18.28
9,Luis Paints the World,http://books.toscrape.com/catalogue/luis-paints-the-world_714/index.html,53.95
10,Nap-a-Roo,http://books.toscrape.com/catalogue/nap-a-roo_567/index.html,25.08
11,The Whale,http://books.toscrape.com/catalogue/the-whale_501/index.html,35.96
12,"Shrunken Treasures: Literary Classics, Short, Sweet, and Silly",http://books.toscrape.com/catalogue/shrunken-treasures-literary-classics-short-sweet-and-silly_484/index.html,52.87
13,Raymie Nightingale,http://books.toscrape.com/catalogue/raymie-nightingale_482/index.html,34.41
14,Playing from the Heart,http://books.toscrape.com/catalogue/playing-from-the-heart_481/index.html,32.38
15,Maybe Something Beautiful: How Art Transformed a Neighborhood,http://books.toscrape.com/catalogue/maybe-something-beautiful-how-art-transformed-a-neighborhood_386/index.html,22.54
16,The Wild Robot,http://books.toscrape.com/catalogue/the-wild-robot_288/index.html,56.07
17,The Thing About Jellyfish,http://books.toscrape.com/catalogue/the-thing-about-jellyfish_283/index.html,48.77
18,The Lonely Ones,http://books.toscrape.com/catalogue/the-lonely-ones_261/index.html,43.59
19,The Day the Crayons Came Home (Crayons),http://books.toscrape.com/catalogue/the-day-the-crayons-came-home-crayons_241/index.html,26.33
0,Sophie's World,http://books.toscrape.com/catalogue/sophies-world_966/index.html,15.94
1,The Death of Humanity: and the Case for Life,http://books.toscrape.com/catalogue/the-death-of-humanity-and-the-case-for-life_932/index.html,58.11
2,The Stranger,http://books.toscrape.com/catalogue/the-stranger_861/index.html,17.44
3,Proofs of God: Classical Arguments from Tertullian to Barth,http://books.toscrape.com/catalogue/proofs-of-god-classical-arguments-from-tertullian-to-barth_538/index.html,54.21
4,Kierkegaard: A Christian Missionary to Christians,http://books.toscrape.com/catalogue/kierkegaard-a-christian-missionary-to-christians_527/index.html,47.13
5,"At The Existentialist Café: Freedom, Being, and apricot cocktails with: Jean-Paul Sartre, Simone de Beauvoir, Albert Camus, Martin Heidegger, Edmund Husserl, Karl Jaspers, Maurice Merleau-Ponty and others",http://books.toscrape.com/catalogue/at-the-existentialist-cafe-freedom-being-and-apricot-cocktails-with-jean-paul-sartre-simone-de-beauvoir-albert-camus-martin-heidegger-edmund-husserl-karl-jaspers-maurice-merleau-ponty-and-others_459/index.html,29.93
6,Critique of Pure Reason,http://books.toscrape.com/catalogue/critique-of-pure-reason_366/index.html,20.75
7,"Run, Spot, Run: The Ethics of Keeping Pets",http://books.toscrape.com/catalogue/run-spot-run-the-ethics-of-keeping-pets_106/index.html,20.02
8,The Nicomachean Ethics,http://books.toscrape.com/catalogue/the-nicomachean-ethics_75/index.html,36.34
9,Meditations,http://books.toscrape.com/catalogue/meditations_33/index.html,25.89
10,Beyond Good and Evil,http://books.toscrape.com/catalogue/beyond-good-and-evil_6/index.html,43.38
0,Chase Me (Paris Nights #2),http://books.toscrape.com/catalogue/chase-me-paris-nights-2_977/index.html,25.27
1,Black Dust,http://books.toscrape.com/catalogue/black-dust_976/index.html,34.53
2,Her Backup Boyfriend (The Sorensen Family #1),http://books.toscrape.com/catalogue/her-backup-boyfriend-the-sorensen-family-1_896/index.html,33.97
3,First and First (Five Boroughs #3),http://books.toscrape.com/catalogue/first-and-first-five-boroughs-3_893/index.html,15.97
4,Fifty Shades Darker (Fifty Shades #2),http://books.toscrape.com/catalogue/fifty-shades-darker-fifty-shades-2_892/index.html,21.96
5,The Wedding Dress,http://books.toscrape.com/catalogue/the-wedding-dress_864/index.html,24.12
6,Suddenly in Love (Lake Haven #1),http://books.toscrape.com/catalogue/suddenly-in-love-lake-haven-1_835/index.html,55.99
7,Something More Than This,http://books.toscrape.com/catalogue/something-more-than-this_834/index.html,16.24
8,Doing It Over (Most Likely To #1),http://books.toscrape.com/catalogue/doing-it-over-most-likely-to-1_802/index.html,35.61
9,The Wedding Pact (The O'Malleys #2),http://books.toscrape.com/catalogue/the-wedding-pact-the-omalleys-2_767/index.html,32.61
10,Hold Your Breath (Search and Rescue #1),http://books.toscrape.com/catalogue/hold-your-breath-search-and-rescue-1_700/index.html,28.82
11,Dirty (Dive Bar #1),http://books.toscrape.com/catalogue/dirty-dive-bar-1_615/index.html,40.83
12,Take Me Home Tonight (Rock Star Romance #3),http://books.toscrape.com/catalogue/take-me-home-tonight-rock-star-romance-3_605/index.html,53.98
13,Off the Hook (Fishing for Trouble #1),http://books.toscrape.com/catalogue/off-the-hook-fishing-for-trouble-1_601/index.html,47.67
14,A Gentleman's Position (Society of Gentlemen #3),http://books.toscrape.com/catalogue/a-gentlemans-position-society-of-gentlemen-3_584/index.html,14.75
15,"Sit, Stay, Love",http://books.toscrape.com/catalogue/sit-stay-love_486/index.html,20.9
16,A Girl's Guide to Moving On (New Beginnings #2),http://books.toscrape.com/catalogue/a-girls-guide-to-moving-on-new-beginnings-2_359/index.html,31.3
17,The Perfect Play (Play by Play #1),http://books.toscrape.com/catalogue/the-perfect-play-play-by-play-1_352/index.html,59.99
18,Dark Lover (Black Dagger Brotherhood #1),http://books.toscrape.com/catalogue/dark-lover-black-dagger-brotherhood-1_319/index.html,12.87
19,Changing the Game (Play by Play #2),http://books.toscrape.com/catalogue/changing-the-game-play-by-play-2_317/index.html,13.38
0,Soumission,http://books.toscrape.com/catalogue/soumission_998/index.html,50.1
1,Private Paris (Private #10),http://books.toscrape.com/catalogue/private-paris-private-10_958/index.html,47.61
2,"We Love You, Charlie Freeman",http://books.toscrape.com/catalogue/we-love-you-charlie-freeman_954/index.html,50.27
3,Thirst,http://books.toscrape.com/catalogue/thirst_946/index.html,17.27
4,The Murder That Never Was (Forensic Instincts #5),http://books.toscrape.com/catalogue/the-murder-that-never-was-forensic-instincts-5_939/index.html,54.11
5,Tuesday Nights in 1980,http://books.toscrape.com/catalogue/tuesday-nights-in-1980_870/index.html,21.04
6,The Vacationers,http://books.toscrape.com/catalogue/the-vacationers_863/index.html,42.15
7,The Regional Office Is Under Attack!,http://books.toscrape.com/catalogue/the-regional-office-is-under-attack_858/index.html,51.36
8,Finders Keepers (Bill Hodges Trilogy #2),http://books.toscrape.com/catalogue/finders-keepers-bill-hodges-trilogy-2_807/index.html,53.53
9,The Time Keeper,http://books.toscrape.com/catalogue/the-time-keeper_766/index.html,27.88
10,The Testament of Mary,http://books.toscrape.com/catalogue/the-testament-of-mary_765/index.html,52.67
11,The First Hostage (J.B. Collins #2),http://books.toscrape.com/catalogue/the-first-hostage-jb-collins-2_749/index.html,25.85
12,Take Me with You,http://books.toscrape.com/catalogue/take-me-with-you_741/index.html,45.21
13,Still Life with Bread Crumbs,http://books.toscrape.com/catalogue/still-life-with-bread-crumbs_738/index.html,26.41
14,Shtum,http://books.toscrape.com/catalogue/shtum_733/index.html,55.84
15,My Name Is Lucy Barton,http://books.toscrape.com/catalogue/my-name-is-lucy-barton_720/index.html,41.56
16,My Mrs. Brown,http://books.toscrape.com/catalogue/my-mrs-brown_719/index.html,24.48
17,Mr. Mercedes (Bill Hodges Trilogy #1),http://books.toscrape.com/catalogue/mr-mercedes-bill-hodges-trilogy-1_717/index.html,28.9
18,I Am Pilgrim (Pilgrim #1),http://books.toscrape.com/catalogue/i-am-pilgrim-pilgrim-1_703/index.html,10.6
19,Eligible (The Austen Project #4),http://books.toscrape.com/catalogue/eligible-the-austen-project-4_692/index.html,27.09
0,Scott Pilgrim's Precious Little Life (Scott Pilgrim #1),http://books.toscrape.com/catalogue/scott-pilgrims-precious-little-life-scott-pilgrim-1_987/index.html,52.29
1,Tsubasa: WoRLD CHRoNiCLE 2 (Tsubasa WoRLD CHRoNiCLE #2),http://books.toscrape.com/catalogue/tsubasa-world-chronicle-2-tsubasa-world-chronicle-2_949/index.html,16.28
2,This One Summer,http://books.toscrape.com/catalogue/this-one-summer_947/index.html,19.49
3,The Nameless City (The Nameless City #1),http://books.toscrape.com/catalogue/the-nameless-city-the-nameless-city-1_940/index.html,38.16
4,"Saga, Volume 5 (Saga (Collected Editions) #5)",http://books.toscrape.com/catalogue/saga-volume-5-saga-collected-editions-5_923/index.html,51.04
5,"Rat Queens, Vol. 3: Demons (Rat Queens (Collected Editions) #11-15)",http://books.toscrape.com/catalogue/rat-queens-vol-3-demons-rat-queens-collected-editions-11-15_921/index.html,50.4
6,"Princess Jellyfish 2-in-1 Omnibus, Vol. 01 (Princess Jellyfish 2-in-1 Omnibus #1)",http://books.toscrape.com/catalogue/princess-jellyfish-2-in-1-omnibus-vol-01-princess-jellyfish-2-in-1-omnibus-1_920/index.html,13.61
7,"Pop Gun War, Volume 1: Gift",http://books.toscrape.com/catalogue/pop-gun-war-volume-1-gift_918/index.html,18.97
8,Patience,http://books.toscrape.com/catalogue/patience_916/index.html,10.16
9,"Outcast, Vol. 1: A Darkness Surrounds Him (Outcast #1)",http://books.toscrape.com/catalogue/outcast-vol-1-a-darkness-surrounds-him-outcast-1_915/index.html,15.44
10,orange: The Complete Collection 1 (orange: The Complete Collection #1),http://books.toscrape.com/catalogue/orange-the-complete-collection-1-orange-the-complete-collection-1_914/index.html,48.41
11,"Lumberjanes, Vol. 2: Friendship to the Max (Lumberjanes #5-8)",http://books.toscrape.com/catalogue/lumberjanes-vol-2-friendship-to-the-max-lumberjanes-5-8_907/index.html,46.91
12,"Lumberjanes, Vol. 1: Beware the Kitten Holy (Lumberjanes #1-4)",http://books.toscrape.com/catalogue/lumberjanes-vol-1-beware-the-kitten-holy-lumberjanes-1-4_906/index.html,45.61
13,Lumberjanes Vol. 3: A Terrible Plan (Lumberjanes #9-12),http://books.toscrape.com/catalogue/lumberjanes-vol-3-a-terrible-plan-lumberjanes-9-12_905/index.html,19.92
14,"I Hate Fairyland, Vol. 1: Madly Ever After (I Hate Fairyland (Compilations) #1-5)",http://books.toscrape.com/catalogue/i-hate-fairyland-vol-1-madly-ever-after-i-hate-fairyland-compilations-1-5_899/index.html,29.17
15,I am a Hero Omnibus Volume 1,http://books.toscrape.com/catalogue/i-am-a-hero-omnibus-volume-1_898/index.html,54.63
16,"Giant Days, Vol. 2 (Giant Days #5-8)",http://books.toscrape.com/catalogue/giant-days-vol-2-giant-days-5-8_895/index.html,22.11
17,Danganronpa Volume 1,http://books.toscrape.com/catalogue/danganronpa-volume-1_889/index.html,51.99
18,"Codename Baboushka, Volume 1: The Conclave of Death",http://books.toscrape.com/catalogue/codename-baboushka-volume-1-the-conclave-of-death_887/index.html,36.72
19,Camp Midnight,http://books.toscrape.com/catalogue/camp-midnight_886/index.html,17.08
0,The Secret Garden,http://books.toscrape.com/catalogue/the-secret-garden_413/index.html,15.08
1,The Metamorphosis,http://books.toscrape.com/catalogue/the-metamorphosis_409/index.html,28.58
2,The Pilgrim's Progress,http://books.toscrape.com/catalogue/the-pilgrims-progress_353/index.html,50.26
3,The Hound of the Baskervilles (Sherlock Holmes #5),http://books.toscrape.com/catalogue/the-hound-of-the-baskervilles-sherlock-holmes-5_348/index.html,14.82
4,Little Women (Little Women #1),http://books.toscrape.com/catalogue/little-women-little-women-1_331/index.html,28.07
5,Gone with the Wind,http://books.toscrape.com/catalogue/gone-with-the-wind_324/index.html,32.49
6,Candide,http://books.toscrape.com/catalogue/candide_316/index.html,58.63
7,Animal Farm,http://books.toscrape.com/catalogue/animal-farm_313/index.html,57.22
8,Wuthering Heights,http://books.toscrape.com/catalogue/wuthering-heights_307/index.html,17.73
9,The Picture of Dorian Gray,http://books.toscrape.com/catalogue/the-picture-of-dorian-gray_270/index.html,29.7
10,The Complete Stories and Poems (The Works of Edgar Allan Poe [Cameo Edition]),http://books.toscrape.com/catalogue/the-complete-stories-and-poems-the-works-of-edgar-allan-poe-cameo-edition_238/index.html,26.78
11,Beowulf,http://books.toscrape.com/catalogue/beowulf_126/index.html,38.35
12,And Then There Were None,http://books.toscrape.com/catalogue/and-then-there-were-none_119/index.html,35.01
13,The Story of Hong Gildong,http://books.toscrape.com/catalogue/the-story-of-hong-gildong_84/index.html,43.19
14,The Little Prince,http://books.toscrape.com/catalogue/the-little-prince_72/index.html,45.42
15,Sense and Sensibility,http://books.toscrape.com/catalogue/sense-and-sensibility_49/index.html,37.46
16,Of Mice and Men,http://books.toscrape.com/catalogue/of-mice-and-men_37/index.html,47.11
17,Emma,http://books.toscrape.com/catalogue/emma_17/index.html,32.93
18,Alice in Wonderland (Alice's Adventures in Wonderland #1),http://books.toscrape.com/catalogue/alice-in-wonderland-alices-adventures-in-wonderland-1_5/index.html,55.53
0,Tipping the Velvet,http://books.toscrape.com/catalogue/tipping-the-velvet_999/index.html,53.74
1,Forever and Forever: The Courtship of Henry Longfellow and Fanny Appleton,http://books.toscrape.com/catalogue/forever-and-forever-the-courtship-of-henry-longfellow-and-fanny-appleton_894/index.html,29.69
2,A Flight of Arrows (The Pathfinders #2),http://books.toscrape.com/catalogue/a-flight-of-arrows-the-pathfinders-2_876/index.html,55.53
3,The House by the Lake,http://books.toscrape.com/catalogue/the-house-by-the-lake_846/index.html,36.95
4,Mrs. Houdini,http://books.toscrape.com/catalogue/mrs-houdini_821/index.html,30.25
5,The Marriage of Opposites,http://books.toscrape.com/catalogue/the-marriage-of-opposites_759/index.html,28.08
6,Glory over Everything: Beyond The Kitchen House,http://books.toscrape.com/catalogue/glory-over-everything-beyond-the-kitchen-house_696/index.html,45.84
7,"Love, Lies and Spies",http://books.toscrape.com/catalogue/love-lies-and-spies_622/index.html,20.55
8,A Paris Apartment,http://books.toscrape.com/catalogue/a-paris-apartment_612/index.html,39.01
9,Lilac Girls,http://books.toscrape.com/catalogue/lilac-girls_597/index.html,17.28
10,The Constant Princess (The Tudor Court #1),http://books.toscrape.com/catalogue/the-constant-princess-the-tudor-court-1_493/index.html,16.62
11,The Invention of Wings,http://books.toscrape.com/catalogue/the-invention-of-wings_448/index.html,37.34
12,World Without End (The Pillars of the Earth #2),http://books.toscrape.com/catalogue/world-without-end-the-pillars-of-the-earth-2_420/index.html,32.97
13,The Passion of Dolssa,http://books.toscrape.com/catalogue/the-passion-of-dolssa_351/index.html,28.32
14,Girl With a Pearl Earring,http://books.toscrape.com/catalogue/girl-with-a-pearl-earring_322/index.html,26.77
15,Voyager (Outlander #3),http://books.toscrape.com/catalogue/voyager-outlander-3_299/index.html,21.07
16,The Red Tent,http://books.toscrape.com/catalogue/the-red-tent_273/index.html,35.66
17,The Last Painting of Sara de Vos,http://books.toscrape.com/catalogue/the-last-painting-of-sara-de-vos_259/index.html,55.55
18,The Guernsey Literary and Potato Peel Pie Society,http://books.toscrape.com/catalogue/the-guernsey-literary-and-potato-peel-pie-society_253/index.html,49.53
19,Girl in the Blue Coat,http://books.toscrape.com/catalogue/girl-in-the-blue-coat_160/index.html,46.83
0,Sharp Objects,http://books.toscrape.com/catalogue/sharp-objects_997/index.html,47.82
1,"In a Dark, Dark Wood",http://books.toscrape.com/catalogue/in-a-dark-dark-wood_963/index.html,19.63
2,The Past Never Ends,http://books.toscrape.com/catalogue/the-past-never-ends_942/index.html,56.5
3,A Murder in Time,http://books.toscrape.com/catalogue/a-murder-in-time_877/index.html,16.64
4,The Murder of Roger Ackroyd (Hercule Poirot #4),http://books.toscrape.com/catalogue/the-murder-of-roger-ackroyd-hercule-poirot-4_852/index.html,44.1
5,The Last Mile (Amos Decker #2),http://books.toscrape.com/catalogue/the-last-mile-amos-decker-2_754/index.html,54.21
6,That Darkness (Gardiner and Renner #1),http://books.toscrape.com/catalogue/that-darkness-gardiner-and-renner-1_743/index.html,13.92
7,Tastes Like Fear (DI Marnie Rome #3),http://books.toscrape.com/catalogue/tastes-like-fear-di-marnie-rome-3_742/index.html,10.69
8,A Time of Torment (Charlie Parker #14),http://books.toscrape.com/catalogue/a-time-of-torment-charlie-parker-14_657/index.html,48.35
9,A Study in Scarlet (Sherlock Holmes #1),http://books.toscrape.com/catalogue/a-study-in-scarlet-sherlock-holmes-1_656/index.html,16.73
10,Poisonous (Max Revere Novels #3),http://books.toscrape.com/catalogue/poisonous-max-revere-novels-3_627/index.html,26.8
11,Murder at the 42nd Street Library (Raymond Ambler #1),http://books.toscrape.com/catalogue/murder-at-the-42nd-street-library-raymond-ambler-1_624/index.html,54.36
12,Most Wanted,http://books.toscrape.com/catalogue/most-wanted_623/index.html,35.28
13,Hide Away (Eve Duncan #20),http://books.toscrape.com/catalogue/hide-away-eve-duncan-20_620/index.html,11.84
14,Boar Island (Anna Pigeon #19),http://books.toscrape.com/catalogue/boar-island-anna-pigeon-19_613/index.html,59.48
15,The Widow,http://books.toscrape.com/catalogue/the-widow_609/index.html,27.26
16,Playing with Fire,http://books.toscrape.com/catalogue/playing-with-fire_602/index.html,13.71
17,What Happened on Beale Street (Secrets of the South Mysteries #2),http://books.toscrape.com/catalogue/what-happened-on-beale-street-secrets-of-the-south-mysteries-2_506/index.html,25.37
18,The Bachelor Girl's Guide to Murder (Herringford and Watts Mysteries #1),http://books.toscrape.com/catalogue/the-bachelor-girls-guide-to-murder-herringford-and-watts-mysteries-1_491/index.html,52.3
19,Delivering the Truth (Quaker Midwife Mystery #1),http://books.toscrape.com/catalogue/delivering-the-truth-quaker-midwife-mystery-1_464/index.html,20.89
